site_index,unconstrained,constrained,optimized_null,er_constrained,er_optimized_null
847,-19.92497294896998,-19.93845520774711,-19.89390866561739,0.013482258777130794,-0.031064283352591867
846,-19.63035438166309,-19.62029855374628,-19.59963287779679,-0.010055827916811904,-0.03072150386630664
845,-33.93617422547548,-33.89783835270101,-33.84047304744876,-0.038335872774474894,-0.09570117802672228
844,-32.75329498853784,-37.18023192621474,-35.5709520586561,4.426936937676899,2.817657070118258
843,-12.26434805767394,-12.26434805767394,-12.25825642292474,0,-0.006091634749200407
842,-12.09916910737241,-12.09916910737241,-12.10118422570394,0,0.0020151183315244166
841,-7.309899545410368,-7.309899545410368,-7.311773125190244,0,0.0018735797798763538
840,-4.084009385703379,-4.08400938570338,-4.084009385703381,1.110223024625156e-15,1.9984014443252798e-15
839,-21.53342640673916,-21.53342640673916,-21.54485263835111,0,0.01142623161194957
838,-33.75718777459853,-35.97972462673518,-34.66440081166408,2.222536852136649,0.9072130370655527
837,-30.07672343866462,-30.60016979313933,-29.43372752369405,0.5234463544747036,-0.642995914970573
836,-39.25062076085962,-39.2340121544358,-39.2512232030325,-0.016608606423822947,0.0006024421728843912
835,-25.24000118089549,-26.38231353938765,-25.73662590035412,1.1423123584921555,0.49662471945863
834,-16.74229091178209,-16.72385868137135,-16.76940602158091,-0.018432230410734763,0.02711510979882091
833,-21.94184747288661,-21.92290475654631,-21.95531014566401,-0.01894271634030881,0.013462672777400821
832,-24.54888791968562,-24.53092909008243,-24.56629974402632,-0.017958829603188016,0.017411824340708714
831,-25.72538184944775,-25.70707564053337,-25.73933891960988,-0.018306208914378175,0.013957070162135432
830,-18.51639254860003,-18.49983541499357,-18.45509971924636,-0.01655713360645454,-0.061292829353668324
829,-19.70398087907651,-19.68612019666234,-19.73010260397253,-0.0178606824141632,0.026121724896025805
828,-20.94757574867855,-20.92931406041171,-20.97397757379204,-0.018261688266846966,0.026401825113485124
827,-17.51403299146611,-17.49617768568212,-17.54117104194119,-0.017855305783989167,0.027138050475084833
826,-12.250390567493,-12.23220420454993,-12.25905633678718,-0.01818636294307479,0.008665769294174284
825,-17.49199846891209,-17.47448450463493,-17.50299004690443,-0.017513964277164,0.010991577992331445
824,-26.93110118723369,-26.9183761413179,-26.83957314862048,-0.01272504591578638,-0.0915280386132053
823,-12.05054513885025,-12.03271819514855,-12.06708468367486,-0.017826943701699318,0.016539544824606484
822,-16.01749734813251,-15.99913364554519,-16.04041501309361,-0.01836370258731711,0.02291766496110251
821,-13.17105825698623,-13.1532092925585,-13.17886526866332,-0.01784896442773137,0.007807011677094133
820,-23.28434361463407,-23.26979357529492,-23.19035604631613,-0.014550039339159347,-0.09398756831794582
819,-17.02429941212432,-17.00623293303421,-17.05276405557484,-0.018066479090105524,0.028464643450522412
818,-13.9674570728145,-13.95002896821639,-13.98194150479832,-0.01742810459811222,0.014484431983813838
817,-20.67488547457812,-20.65647596976091,-20.68314468172206,-0.018409504817210386,0.008259207143936041
816,-28.12760217743559,-28.10847236605054,-28.14691739386173,-0.019129811385052868,0.019315216426132518
815,-26.29673788951472,-26.27729100945367,-26.30970462613084,-0.019446880061046543,0.01296673661612482
814,-13.29443505579195,-13.27686405602659,-13.30977760900485,-0.01757099976535774,0.015342553212900118
813,-22.72213567506886,-22.70583829795036,-22.63282523934,-0.01629737711849796,-0.0893104357288621
812,-24.83294183705257,-24.81476602370559,-24.85027297474292,-0.018175813346974927,0.017331137690355367
811,-8.059576414474229,-8.041390051235343,-8.064635907997959,-0.018186363238886092,0.00505949352372943
810,-24.22521958371009,-24.20696378683832,-24.24374823244082,-0.018255796871766674,0.018528648730733212
809,-37.78237610246846,-37.76447986959409,-37.8018608400399,-0.01789623287437081,0.019484737571438763
808,-27.11619074700316,-27.097272931865,-27.14122700325313,-0.018917815138152584,0.02503625624997572
807,-30.75173764923958,-30.73413909510615,-30.73584402825888,-0.01759855413342845,-0.015893620980705264
806,-41.1218283222735,-41.10335438062993,-41.14991808381563,-0.018473941643570465,0.028089761542134325
805,-9.835331859897444,-9.817065892765271,-9.845084126141515,-0.018265967132172965,0.009752266244071332
804,-26.46988958569752,-26.45217889101758,-26.47891658927966,-0.01771069467994128,0.009027003582133316
803,-32.70947638789963,-32.6929981716151,-32.61234976894825,-0.016478216284532752,-0.09712661895138557
802,-21.39417398277932,-21.37782759475088,-21.31861686020801,-0.01634638802844175,-0.0755571225713112
801,-15.3862878763482,-15.3730640003221,-15.29365314999597,-0.01322387602610499,-0.09263472635223556
800,-15.84862628053585,-15.83026254730852,-15.87336639893066,-0.018363733227326727,0.02474011839481153
799,-12.02398315559847,-12.0065550054746,-12.03543225499465,-0.017428150123871288,0.011449099396175201
798,-6.303325561039474,-6.286725664367145,-6.30239538827202,-0.016599896672328637,-0.0009301727674539572
797,-28.00509846526763,-27.98577760724002,-28.03699285972845,-0.01932085802760851,0.031894394460817675
796,-26.51497783532202,-26.4977257858963,-26.51306759817488,-0.017252049425724884,-0.0019102371471433012
795,-11.21578641013866,-11.19729157017981,-11.22845559660674,-0.018494839958844274,0.01266918646808736
794,-23.38734858694446,-23.37145565395884,-23.3624375977435,-0.01589293298561504,-0.024910989200954286
793,-14.64447555477998,-14.62684704887572,-14.65703222867689,-0.017628505904257345,0.012556673896908236
792,-18.80465950903839,-18.78639789377189,-18.8282198139656,-0.018261615266496244,0.023560304927208436
791,-17.77979118196171,-17.76115194443108,-17.7936607316398,-0.01863923753062839,0.013869549678083966
790,-20.39487964134172,-20.37675502126561,-20.42819072042139,-0.018124620076115115,0.03331107907966699
789,-13.52241679802804,-13.50456345670934,-13.52979123305673,-0.017853341318698323,0.007374435028685621
788,-17.10852061486808,-17.09260596424179,-17.04940703259993,-0.01591465062629633,-0.059113582268157217
787,-8.348252317922842,-8.329402114890227,-8.35539307352659,-0.018850203032615198,0.007140755603748488
786,-20.42332993764722,-20.40522876035527,-20.45123777392963,-0.01810117729195677,0.027907836282408918
785,-21.0831854257705,-21.06386424614877,-21.11612910402261,-0.019321179621723406,0.03294367825210991
784,-11.19871636179432,-11.17973837973288,-11.21030912784552,-0.01897798206144333,0.011592766051196189
783,-24.9654570447024,-24.95563244348039,-24.86469805982079,-0.009824601222007328,-0.10075898488161168
782,-20.25981316275107,-20.24051900596615,-20.29370995653657,-0.01929415678491963,0.033896793785501235
781,-16.09557376165496,-16.0772715980517,-16.11135814380259,-0.01830216360325566,0.01578438214763661
780,-17.50355984281745,-17.48700325032166,-17.41289196637431,-0.01655659249578183,-0.09066787644313828
779,-14.03279094710489,-14.01496400173249,-14.04434661297843,-0.01782694537240914,0.011555665873536996
778,-18.84150654945214,-18.82443704596495,-18.84818273319934,-0.01706950348718907,0.006676183747198839
777,-15.50766705671658,-15.49033151832556,-15.51779124858252,-0.017335538391018077,0.010124191865937516
776,-24.69444701735908,-24.67774679000943,-24.67087164045998,-0.016700227349645005,-0.023575376899099627
775,-18.32457998443469,-18.30623419389251,-18.34080987056518,-0.018345790542181144,0.016229886130495672
774,-19.52694619235971,-19.50972607895256,-19.54813395755911,-0.017220113407148616,0.02118776519940413
773,-16.71368703894177,-16.69542103550842,-16.72472180576817,-0.01826600343335022,0.011034766826405362
772,-22.09882884609496,-22.09596444974889,-22.08033232073888,-0.0028643963460624226,-0.01849652535607761
771,-23.51604308234919,-23.49745100840223,-23.53497368792071,-0.018592073946958727,0.01893060557151904
770,-13.87995530771361,-13.8682775956475,-13.78479406565931,-0.01167771206611336,-0.09516124205429938
769,-19.4270803088947,-19.40913121294526,-19.44970158990364,-0.017949095949443668,0.022621281008937795
768,-18.68501622375623,-18.66974692186186,-18.5995346565106,-0.015269301894367291,-0.08548156724562972
767,-32.9638528937686,-32.94723119971054,-32.8638162549946,-0.01662169405805972,-0.100036638773993
766,-21.54206849826442,-21.5248318646232,-21.55442550317695,-0.017236633641225296,0.012357004912527373
765,-15.02124736247748,-15.00338668875904,-15.0371056642457,-0.017860673718434528,0.015858301768222432
764,-21.62092501660516,-21.60241210748744,-21.64182054440544,-0.01851290911772099,0.02089552780028471
763,-8.055895348108743,-8.038161956168079,-8.06136017824353,-0.017733391940664554,0.005464830134787829
762,-23.72662719026984,-23.70921625196377,-23.74582297735123,-0.017410938306067405,0.019195787081390397
761,-22.54487144704709,-22.52492321967298,-22.5579091081401,-0.01994822737410827,0.013037661093008718
760,-25.58033879481692,-25.56295615266414,-25.56913184815928,-0.017382642152782027,-0.011206946657644276
759,-17.82900197586869,-17.80954696501027,-17.84230094839037,-0.01945501085841533,0.01329897252168886
758,-21.60227821787007,-21.58604106702514,-21.51184016595687,-0.016237150844929705,-0.09043805191320681
757,-12.33203470808232,-12.31481664410772,-12.34775841631339,-0.017218063974604885,0.015723708231064733
756,-10.0212648454571,-10.00267304355361,-10.03280860630105,-0.018591801903493677,0.011543760843942135
755,-12.59688478269597,-12.57915340086917,-12.60539953491298,-0.017731381826797187,0.008514752217012563
754,-16.05008609259932,-16.03481361382483,-15.96808743789436,-0.015272478774487976,-0.08199865470495919
753,-21.38126976320791,-21.36524179745269,-21.28528347859138,-0.016027965755220887,-0.09598628461652223
752,-19.84787352109974,-19.82920429155423,-19.86114242809602,-0.018669229545508877,0.013268906996287862
751,-22.38443932141403,-22.35557646467605,-22.36248058821194,-0.02886285673798027,-0.021958733202094308
750,-11.56265214898296,-11.54452774278058,-11.57371425044576,-0.018124406202384022,0.01106210146280151
749,-12.34005777285455,-12.32146598750605,-12.35671243133567,-0.018591785348494535,0.01665465848111966
748,-26.22921508576292,-26.21111997193016,-26.22195575622953,-0.018095113832767816,-0.007259329533390298
747,-23.06034497435203,-23.02225138254393,-23.00998162651176,-0.03809359180809576,-0.050363347840267685
746,-15.07547983872535,-15.06227129746983,-14.98515502392718,-0.013208541255520978,-0.09032481479816742
745,-16.08987126142367,-16.07158252302538,-16.11294506684705,-0.018288738398283055,0.023073805423383425
744,-25.55095711885473,-25.53281503004009,-25.56324719348593,-0.01814208881464195,0.012290074631202413
743,-23.97039616917606,-23.95217915545704,-23.97838900938078,-0.018217013719020524,0.007992840204718297
742,-19.06823998448954,-19.04995115298556,-19.10259872270807,-0.018288831503984013,0.03435873821852181
741,-10.92280623073315,-10.90538581934728,-10.93110914627679,-0.01742041138587783,0.00830291554363581
740,-16.54425452637234,-16.5256637713932,-16.55586490814601,-0.018590754979140194,0.011610381773667456
739,-18.53774963664946,-18.51992272175908,-18.55814662341269,-0.01782691489038159,0.020396986763227532
738,-18.17522026042748,-18.15591189210873,-18.20851239267294,-0.019308368318753783,0.03329213224545702
737,-26.75285025841977,-26.7349064596931,-26.80006316298766,-0.017943798726669537,0.047212904567885385
736,-14.60634888714482,-14.58816254833901,-14.61850822755398,-0.018186338805804756,0.01215934040916748
735,-16.31347982084118,-16.29605961784457,-16.32628439188285,-0.01742020299661106,0.012804571041677388
734,-19.30137319643843,-19.28295524552942,-19.33085726551554,-0.018417950909015005,0.029484069077106632
733,-22.43418587707944,-22.41623766172343,-22.45314306564965,-0.01794821535601087,0.018957188570208817
732,-18.71227364620739,-18.69305756277793,-18.74213646254685,-0.019216083429455508,0.029862816339463447
731,-8.055895348108743,-8.038161956168079,-8.06136017824353,-0.017733391940664554,0.005464830134787829
730,-18.49438876536395,-18.4769361056899,-18.50396950122085,-0.017452659674049215,0.009580735856896783
729,-18.91256563241777,-18.89455728630273,-18.93060513486677,-0.018008346115038897,0.01803950244900329
728,-10.21988676966163,-10.20195576767539,-10.23006330794911,-0.017931001986246593,0.010176538287476698
727,-24.86423410348164,-24.84619568753689,-24.89117709740809,-0.018038415944747796,0.026942993926443125
726,-16.41006316453724,-16.39169944899666,-16.42503894826469,-0.018363715540576895,0.014975783727450901
725,-18.37709931370161,-18.35846006231153,-18.39221393117143,-0.01863925139007705,0.01511461746981614
724,-8.431783497759785,-8.41284074558833,-8.438490335943323,-0.018942752171454927,0.006706838183537911
723,-19.3737474125851,-19.35538677005939,-19.37352805450159,-0.01836064252571748,-0.00021935808351258566
722,-21.65811737091799,-21.63917468536131,-21.66483323606494,-0.01894268555667363,0.006715865146955088
721,-12.91552485380288,-12.89658291184397,-12.92556759104188,-0.018941941958907166,0.010042737239004158
720,-26.81166475210874,-26.79849244306686,-26.71862704387838,-0.013172309041877394,-0.09303770823035866
719,-22.11968595988526,-22.08344882825328,-22.13366263889649,-0.03623713163198161,0.013976679011221396
718,-30.49358726179501,-30.45561988412295,-30.46269765825081,-0.03796737767206081,-0.030889603544203264
717,-8.059576414474229,-8.041390051235343,-8.064635907997959,-0.018186363238886092,0.00505949352372943
716,-19.72862962557377,-19.71488890892924,-19.64710924138785,-0.013740716644527133,-0.08152038418591447
715,-28.99890835611956,-28.98066555828727,-29.01589230013072,-0.018242797832289874,0.016983944011162412
714,-13.64611461824565,-13.62782578751354,-13.6669314964259,-0.018288830732107176,0.02081687818024888
713,-36.22991110806136,-36.21423003935756,-36.16412199306226,-0.015681068703798873,-0.06578911499909874
712,-16.53237904285789,-16.51433388022419,-16.55325690651219,-0.0180451626337082,0.020877863654291774
711,-26.28864022712758,-26.27023239903573,-26.30923762491371,-0.018407828091849168,0.020597397786122476
710,-26.20489528954068,-26.19296094828311,-26.12629332120887,-0.011934341257571689,-0.07860196833181382
709,-18.72368422755447,-18.70540550214309,-18.73267896630313,-0.018278725411374114,0.00899473874866205
708,-14.55601678255916,-14.525156509665,-14.50308441834498,-0.03086027289415943,-0.05293236421418079
707,-21.05934022897526,-21.04099457261259,-21.07042798076274,-0.01834565636267628,0.01108775178747836
706,-16.18345773035545,-16.16559699144735,-16.18641478859693,-0.017860738908105127,0.0029570582414775452
705,-16.3974166732287,-16.38014110094593,-16.41551721571672,-0.017275572282770216,0.018100542488010008
704,-14.34900491289881,-14.33158445971732,-14.36195193456871,-0.017420453181488337,0.012947021669901923
703,-17.82491115137484,-17.80642956943433,-17.8367277998207,-0.018481581940516634,0.011816648445858413
702,-24.03701060092392,-24.01878330662376,-24.06772015919899,-0.018227294300160648,0.030709558275077327
701,-22.11244269954166,-22.09298779738619,-22.12329590954248,-0.0194549021554771,0.010853210000813662
700,-15.60234067932156,-15.58407434030191,-15.61237133322883,-0.018266339019644875,0.010030653907275386
699,-18.01263247511428,-17.99455293980737,-18.02831890519952,-0.018079535306910133,0.0156864300852393
698,-11.14381360494787,-11.12588269902828,-11.1553225427411,-0.017930905919584517,0.011508937793230306
697,-6.303325561039474,-6.286725664367145,-6.30239538827202,-0.016599896672328637,-0.0009301727674539572
696,-22.32218617390201,-22.30324355039531,-22.32404399940517,-0.01894262350669966,0.0018578255031624841
695,-15.62918275146299,-15.61098527542653,-15.65028654882409,-0.01819747603646248,0.02110379736110574
694,-25.08082861839271,-25.06234703816533,-25.10851667212467,-0.01848158022737683,0.027688053731957495
693,-17.66183979026481,-17.64372324623893,-17.67869246116157,-0.018116544025886624,0.01685267089676088
692,-14.37466892172828,-14.35632313125251,-14.39616036649289,-0.018345790475768464,0.021491444764608864
691,-17.9730953222986,-17.95364033520262,-17.99418367862003,-0.019454987095976175,0.021088356321431682
690,-16.24785321434178,-16.22937165925527,-16.27331048209849,-0.018481555086513158,0.02545726775671056
689,-14.26276809812838,-14.24555002217377,-14.2772345233821,-0.01721807595460947,0.014466425253715507
688,-24.29427093165356,-24.27542123254334,-24.30457371832508,-0.018849699110223352,0.01030278667151619
687,-19.7211821696764,-19.7031157025318,-19.73982740105634,-0.01806646714459249,0.018645231379941885
686,-12.62938768988262,-12.61132119831398,-12.65389321769362,-0.018066491568642814,0.02450552781099809
685,-18.98419472088416,-18.96578519911423,-19.01329649067261,-0.018409521769932265,0.029101769788446922
684,-34.32790017717146,-34.31005134109682,-34.33135257486994,-0.0178488360746343,0.0034523976984816894
683,-22.25411079813984,-22.23616796449918,-22.27565225665062,-0.017942833640653116,0.021541458510779054
682,-23.96586361753764,-23.94773435515929,-23.99717029323481,-0.01812926237834846,0.03130667569716623
681,-29.96176444886463,-29.94358780620123,-29.99058955880271,-0.018176642663402038,0.028825109938086305
680,-21.03641234532009,-21.01823567355192,-21.05872205054806,-0.01817667176817041,0.022309705227964622
679,-17.76351887909611,-17.74517308818202,-17.78738299338025,-0.018345790914089808,0.02386411428413371
678,-14.24249367783387,-14.2242273417327,-14.25059844777709,-0.018266336101172287,0.008104769943216584
677,-39.53301855389949,-39.4968107682885,-39.54745870111756,-0.036207785610983534,0.014440147218074092
676,-31.50806910874602,-31.500044397951,-31.3872665679042,-0.008024710795019933,-0.12080254084182233
675,-23.18636467831128,-23.16894379086885,-23.20077157776378,-0.017420887442426633,0.014406899452502642
674,-39.813338640664,-39.80343391468213,-39.72295506893418,-0.009904725981869027,-0.09038357172981648
673,-15.38265883372648,-15.36441599940215,-15.40483041707308,-0.01824283432432944,0.022171583346603244
672,-12.73483487284923,-12.71730153107529,-12.75162136253819,-0.017533341773940992,0.016786489688957358
671,-35.63020641459133,-35.61069069664867,-35.66064315100643,-0.019515717942660108,0.030436736415090627
670,-34.58248884813552,-34.56369310176366,-34.62357181656608,-0.01879574637185754,0.04108296843056525
669,-20.81615184019333,-20.79796658013645,-20.841738191556,-0.01818526005688885,0.025586351362669426
668,-16.70852908150259,-16.69052640294472,-16.73533724843977,-0.018002678557866827,0.026808166937179585
667,-27.4285243052792,-27.39304111570258,-27.41100875726176,-0.03548318957662036,-0.01751554801743888
666,-28.78260279555317,-28.76372198705449,-28.79844222226734,-0.018880808498678864,0.015839426714169765
665,-17.97544103269239,-17.95707737241339,-17.99743248288576,-0.018363660279007356,0.021991450193368275
664,-55.64113823452136,-55.62541492217285,-55.63877395247668,-0.015723312348505658,-0.002364282044673884
663,-36.79336258562061,-36.94265643913764,-36.76972834308025,0.14929385351703647,-0.023634242540353543
662,-13.02337820067975,-13.02337820067975,-13.02963473236963,0,0.006256531689878728
661,-19.11165289282439,-19.09336433675786,-19.1371043282907,-0.018288556066529824,0.0254514354663047
660,-34.89098605410675,-36.27177735049908,-35.03038746967197,1.3807912963923314,0.13940141556522476
659,-43.78812752485207,-43.78003582841177,-43.70131915134257,-0.008091696440295911,-0.08680837350949838
658,-12.57161554952794,-12.55845415368031,-12.47587244344659,-0.013161395847630456,-0.09574310608135232
657,-16.04270306181575,-16.02526791347371,-16.05690199773172,-0.01743514834204167,0.014198935915974117
656,-9.138406833025059,-9.119911992878365,-9.1490087879631,-0.01849484014669397,0.010601954938040996
655,-12.04030509785905,-12.02244441443761,-12.05725544231135,-0.017860683421433897,0.016950344452304394
654,-39.02792880907853,-38.99630907070575,-39.01798875897409,-0.031619738372782515,-0.009940050104439954
653,-20.35595061151454,-20.31687680846358,-20.33087348944813,-0.03907380305096102,-0.025077122066409902
652,-6.188439546646382,-6.188439546646382,-6.186142189706683,0,-0.0022973569396995373
651,-8.52349479741042,-8.504999958340111,-8.531517788768971,-0.018494839070308827,0.008022991358551517
650,-32.47330690844071,-32.45385265319191,-32.50032728579541,-0.01945425524880307,0.02702037735469559
649,-8.762573755253944,-8.762573755253943,-8.764305977959646,-1.776356839400252e-15,0.001732222705701319
648,-5.224950052138515,-5.224950052138515,-5.22602678735633,0,0.0010767352178156896
647,-53.79355608232522,-53.77754213421624,-53.77306113629876,-0.01601394810898428,-0.020494946026460084
646,-35.95820620369033,-35.93991741155436,-35.98893018418526,-0.018288792135969328,0.030723980494933724
645,-32.27361458801582,-32.25539025060318,-32.29230689171207,-0.018224337412640068,0.018692303696255016
644,-32.78620021621239,-32.76846684278211,-32.77389089060134,-0.017733373430282084,-0.012309325611049318
643,-36.33228863217354,-36.31664083806441,-36.24381680438492,-0.01564779410912822,-0.0884718277886165
642,-39.03446236706009,-39.03446236706009,-39.05865131044071,0,0.024188943380622385
641,-40.52790339077171,-40.5224754438153,-40.45445865091617,-0.005427946956402279,-0.07344473985553178
640,-40.45613978978407,-40.43657946045629,-40.48902131488418,-0.019560329327781234,0.032881525100101526
639,-26.94510405280784,-26.90487597584731,-26.95750699822194,-0.04022807696052414,0.012402945414108984
638,-30.31978218671452,-30.31263908188745,-30.31203597760569,-0.007143104827068947,-0.007746209108834297
637,-43.94769730833235,-43.92944251023632,-43.96195563047782,-0.018254798096030807,0.014258322145472329
636,-37.54457617599268,-37.5270391826505,-37.54963267187775,-0.017536993342176233,0.0050564958850643354
635,-18.57599944590198,-18.5581202031755,-18.59024059824108,-0.01787924272648315,0.014241152339100113
634,-16.12574265390998,-16.10625827829826,-16.13954401083049,-0.01948437561172157,0.013801356920513305
633,-13.56272684444003,-13.54509244386846,-13.58232586449183,-0.017634400571568034,0.019599020051800066
632,-24.71417639327836,-24.69764927666418,-24.65254301121675,-0.016527116614188438,-0.06163338206161487
631,-12.18582314523506,-12.16837041717766,-12.19698858214476,-0.017452728057394406,0.011165436909707085
630,-32.75443519820283,-32.73672031296496,-32.7454162811102,-0.017714885237872128,-0.009018917092639323
629,-13.66883838613579,-13.65710929987891,-13.57731032391573,-0.011729086256874466,-0.09152806222006046
628,-21.51836145458778,-25.70730279954826,-23.85713942819678,4.1889413449604795,2.3387779736089978
627,-15.39223685164317,-15.37636948597353,-15.30335632741511,-0.015867365669642242,-0.08888052422805974
626,-17.94253580991303,-17.92446282910083,-17.95605498382938,-0.018072980812199508,0.013519173916349941
625,-13.25344844332467,-13.24171565368525,-13.15942327403165,-0.011732789639422612,-0.09402516929302607
624,-23.9051877607347,-23.8889514019736,-23.81568407312799,-0.016236358761094763,-0.08950368760670459
623,-6.303325561039474,-6.286725664367145,-6.30239538827202,-0.016599896672328637,-0.0009301727674539572
622,-16.90875816386739,-16.88930321554756,-16.92146190751288,-0.019454948319829416,0.012703743645485127
621,-21.26010122494442,-21.2418842863085,-21.29128950887838,-0.018216938635923413,0.03118828393396151
620,-10.28326321177029,-10.26441300877906,-10.29316072813637,-0.01885020299123677,0.009897516366075844
619,-9.77869787972055,-9.742068249719317,-9.825034511005033,-0.03662963000123302,0.046336631284482774
618,-31.47820016147934,-31.45970532199148,-31.49525656405729,-0.01849483948786097,0.017056402577949787
617,-11.07929586041175,-11.06031759781098,-11.08976942580706,-0.01897826260077369,0.010473565395309982
616,-30.97852383291934,-30.97927191250539,-30.88519380735355,0.0007480795860525992,-0.09333002556579117
615,-6.166258413643229,-6.147333884396032,-6.169423418820489,-0.018924529247197366,0.003165005177259169
614,-18.79703731506735,-18.78634484795628,-18.7019130715007,-0.01069246711107041,-0.09512424356664793
613,-11.47643702154001,-11.45758684421889,-11.4913148965732,-0.01885017732111828,0.014877875033195891
612,-16.91934470932966,-16.89988969344155,-16.93791248419589,-0.019455015888105706,0.01856777486623106
611,-34.50933821534783,-34.49151349962401,-34.52951975699315,-0.01782471572381896,0.02018154164531477
610,-23.02980719380777,-23.01179767201394,-23.05226325821045,-0.018009521793835883,0.022456064402674936
609,-52.33928751110113,-52.32119228703382,-52.3629139757381,-0.018095224067309366,0.023626464636962195
608,-18.96787538526593,-18.94902518468902,-18.98468673720451,-0.01885020057691024,0.016811351938585153
607,-22.25250379113356,-22.223482124058,-22.23500781838787,-0.029021667075564694,-0.01749597274569579
606,-30.77805215828721,-30.76002498384252,-30.79836707879773,-0.018027174444689764,0.02031492051051862
605,-21.35751688104873,-21.33857413079614,-21.36867895972284,-0.018942750252598742,0.011162078674104431
604,-19.23930219525247,-19.221881923931,-19.25931060485753,-0.01742027132146265,0.020008409605065565
603,-16.4494691506318,-16.43138962880955,-16.46510164070974,-0.018079521822247785,0.015632490077945035
602,-12.44443738714018,-12.42553147972092,-12.457482083379,-0.01890590741925639,0.013044696238820324
601,-14.16617928917602,-14.1480118207204,-14.17680889126407,-0.01816746845562274,0.010629602088050636
600,-19.4956459069551,-19.47632481232509,-19.52836111665984,-0.019321094630011998,0.032715209704740754
599,-20.95782873719295,-20.93965285352861,-20.98396159929566,-0.018175883664341086,0.026132862102706378
598,-22.33020482599011,-22.31047029706219,-22.34523597993405,-0.019734528927919832,0.015031153943934051
597,-20.54022496016295,-20.52265770502621,-20.56256807509981,-0.01756725513674691,0.0223431149368634
596,-11.09668830063482,-11.07923557595035,-11.10855236567534,-0.017452724684467624,0.011864065040527269
595,-29.21668510845957,-29.20008521115613,-29.21749109882734,-0.016599897303439796,0.0008059903677692646
594,-16.3743982144568,-16.35575896415243,-16.39607528878798,-0.01863925030437841,0.02167707433118016
593,-8.067966717287318,-8.049374620492427,-8.073438692420918,-0.018592096794890225,0.005471975133600466
592,-16.95176063700901,-16.93282807663843,-16.96669070681965,-0.018932560370579655,0.014930069810646235
591,-28.50182437685461,-28.49537392908881,-28.48316887877533,-0.006450447765796984,-0.01865549807927283
590,-47.13297874804248,-47.11471443803757,-47.14419348252822,-0.018264310004909134,0.011214734485733239
589,-29.84058549166133,-29.82063942521301,-29.85555138947435,-0.01994606644831978,0.014965897813024587
588,-30.14546613102822,-30.12728015947724,-30.16504652637484,-0.018185971550980857,0.019580395346626384
587,-19.88403130773646,-19.86632495110294,-19.90364545355332,-0.017706356633524937,0.019614145816859687
586,-36.34980164631266,-36.33296999055358,-36.33359372511672,-0.01683165575908422,-0.01620792119594224
585,-22.12076153688766,-22.10234907152504,-22.15391282915586,-0.018412465362626335,0.03315129226819762
584,-6.303325561039474,-6.286725664367145,-6.30239538827202,-0.016599896672328637,-0.0009301727674539572
583,-6.303325561039474,-6.286725664367145,-6.30239538827202,-0.016599896672328637,-0.0009301727674539572
582,-13.99860657603671,-13.98040910096225,-14.01785929542775,-0.018197475074462247,0.019252719391042953
581,-29.36549288734912,-29.34923427164851,-29.29375952562572,-0.01625861570061463,-0.07173336172339613
580,-14.86163516997351,-14.84343771587419,-14.88432657282341,-0.018197454099315315,0.022691402849900608
579,-9.521690599430082,-9.503098525354735,-9.530133283050606,-0.018592074075346642,0.008442683620524706
578,-13.22105257381679,-13.20276375864006,-13.25027618623178,-0.018288815176733357,0.029223612414986274
577,-20.7206661668693,-20.70251617810401,-20.74440042781218,-0.0181499887652983,0.023734260942877422
576,-16.60004873387652,-16.58176008329835,-16.62904243969732,-0.01828865057817813,0.0289937058207917
575,-21.17612186618038,-21.1578431207241,-21.19354407438356,-0.018278745456289207,0.017422208203175162
574,-8.431783497759785,-8.41284074558833,-8.438490335943323,-0.018942752171454927,0.006706838183537911
573,-21.78782961832075,-21.76956959655453,-21.79966242035119,-0.01826002176622762,0.011832802030440123
572,-14.26068404151449,-14.24174875484512,-14.27056932722715,-0.01893528666937355,0.009885285712656039
571,-28.90471025434461,-28.8864934243947,-28.88948610514321,-0.01821682994991748,-0.01522414920140132
570,-11.87620384146291,-11.85877569125046,-11.88447835451034,-0.017428150212451178,0.008274513047432612
569,-10.27451914522113,-10.25706641680863,-10.28695310571333,-0.017452728412504125,0.01243396049219886
568,-13.91879001163234,-13.90264145401457,-13.81731544639739,-0.01614855761777358,-0.10147456523494996
567,-22.82342687827468,-22.80517570561603,-22.83920367318043,-0.01825117265865474,0.015776794905743907
566,-7.983303248616698,-7.964808405371763,-7.98918824945674,-0.01849484324493477,0.005885000840041921
565,-13.38579273400819,-13.3668145535234,-13.39983434661261,-0.018978180484781546,0.01404161260442473
564,-22.33134046325871,-22.31292260061245,-22.36272912704867,-0.01841786264625964,0.03138866378996475
563,-8.055895348108743,-8.038161956168079,-8.06136017824353,-0.017733391940664554,0.005464830134787829
562,-22.23604630686393,-22.2168310832846,-22.27058486456396,-0.019215223579337217,0.03453855770003094
561,-25.64515519684138,-25.6291351224461,-25.55379934399089,-0.01602007439527494,-0.09135585285049072
560,-15.1768341384374,-15.1611781706377,-15.10677040143982,-0.015655967799707713,-0.07006373699758758
559,-10.93948946531492,-10.92054674378719,-10.9540347668404,-0.01894272152772736,0.014545301525485419
558,-26.11201135305699,-26.10178008486644,-26.02936146396797,-0.010231268190544512,-0.08264988908901928
557,-28.03991635302549,-28.0219607536329,-28.05252849714356,-0.01795559939258954,0.012612144118066214
556,-13.62746764235274,-13.60852489123182,-13.6419873604863,-0.018942751120915695,0.014519718133561656
555,-22.7033533228878,-22.68517767404277,-22.73505311484895,-0.018175648845026912,0.031699791961151885
554,-18.90745079389562,-18.88999811958995,-18.91677112431987,-0.017452674305673137,0.009320330424251974
553,-9.97305923895539,-9.954792950943908,-9.979782029516715,-0.018266288011481946,0.006722790561324573
552,-39.74441302689426,-39.71024782276113,-39.72184080559532,-0.03416520413313152,-0.022572221298936736
551,-12.88862861783124,-12.87139191033777,-12.90200547832575,-0.01723670749346163,0.01337686049451907
550,-16.30452685395183,-16.29054445197897,-16.22632095527197,-0.013982401972867764,-0.07820589867986177
549,-23.26910004844386,-23.25193604793417,-23.28643083781953,-0.017164000509698196,0.01733078937567008
548,-10.97524440549736,-10.95697836445385,-10.98148920043992,-0.018266041043510532,0.006244794942557085
547,-18.33962014918506,-18.32488156022379,-18.244312495977,-0.014738588961265005,-0.09530765320805297
546,-21.37134831512826,-21.54319863988777,-21.356481677762,0.17185032475950737,-0.014866637366257195
545,-18.95205756161138,-18.93421464348318,-18.9643969154364,-0.017842918128199114,0.012339353825016428
544,-44.35828045237857,-44.34547444792412,-44.28872081765591,-0.012806004454446917,-0.06955963472265121
543,-18.97165524284513,-18.95421985021832,-18.97933405148773,-0.01743539262681537,0.007678808642602202
542,-23.15335207762334,-23.13561870487436,-23.16016910828861,-0.01773337274897817,0.006817030665274316
541,-13.30240474208905,-13.2849766309983,-13.31540338360263,-0.017428111090755077,0.012998641513577661
540,-12.29833094384993,-12.28008810840334,-12.31934760116392,-0.018242835446589094,0.021016657313991695
539,-15.48693927257786,-15.46834717875748,-15.50272413387554,-0.018592093820384268,0.01578486129767488
538,-14.17239512933777,-14.15466183688503,-14.18670810367674,-0.017733292452735572,0.014312974338966823
537,-12.4760845153192,-12.45865636490557,-12.48171334302386,-0.017428150413637735,0.005628827704654594
536,-26.70937580613719,-26.69109713626314,-26.73532177825743,-0.01827866987405008,0.025945972120240145
535,-14.64350789530662,-14.6260798219789,-14.65524599071345,-0.017428073327721498,0.011738095406830126
534,-20.8675213525791,-20.84815952735847,-20.88722159441588,-0.019361825220627772,0.019700241836787126
533,-26.90451492189379,-26.8855366567316,-26.91733561731809,-0.018978265162196827,0.01282069542429566
532,-34.32206356829683,-34.30342464093656,-34.35717038552293,-0.018638927360278546,0.03510681722609417
531,-15.61644291446333,-15.59762723326626,-15.63070941435945,-0.018815681197065042,0.014266499896118862
530,-27.37182013388676,-27.35387876714828,-27.3850362309186,-0.01794136673848362,0.01321609703183685
529,-23.32898906584107,-23.31105806243718,-23.32624420884752,-0.01793100340389483,-0.002744856993555038
528,-13.77200354226925,-13.75456813228825,-13.77684190450757,-0.01743540998099746,0.004838362238318792
527,-25.36029695143431,-25.34036101557253,-25.38576144020067,-0.01993593586178118,0.025464488766367043
526,-13.05962585866429,-13.04014143983296,-13.07067685737563,-0.019484418831332558,0.011050998711336994
525,-14.04181006199125,-14.02362373374404,-14.04818380287725,-0.01818632824721257,0.006373740886006912
524,-15.00304362384801,-14.98496410126068,-15.02022654812327,-0.0180795225873283,0.017182924275258506
523,-33.44861323239552,-33.4301989753253,-33.49498396642258,-0.018414257070212204,0.04637073402706441
522,-20.47546020484368,-20.45572648922207,-20.49078890572009,-0.01973371562160865,0.015328700876409545
521,-20.05241471799348,-20.03399687471494,-20.08861287487343,-0.018417843278541558,0.036198156879944
520,-53.14375373161815,-53.12963800440227,-53.09485647377749,-0.014115727215880728,-0.04889725784065751
519,-34.31835680145027,-34.28597588630371,-34.31540575402403,-0.03238091514656106,-0.0029510474262366437
518,-15.29500873420072,-15.28240612826784,-15.23128940702608,-0.012602605932880125,-0.06371932717464722
517,-32.65536065192951,-33.66813479818086,-32.41391953073979,1.0127741462513526,-0.24144112118971606
516,-30.15953254266526,-30.13984842885923,-30.16849580197483,-0.0196841138060364,0.008963259309567493
515,-24.70957757178949,-24.67822572229449,-24.67060551975264,-0.031351849494999556,-0.03897205203685057
514,-11.75665710199712,-11.7390538951231,-11.77622646538923,-0.017603206874012397,0.019569363392113643
513,-12.86490002560923,-12.84592175991062,-12.86787087749633,-0.018978265698617474,0.002970851887096977
512,-22.6365844995173,-22.61712958300303,-22.64479996608926,-0.019454916514263176,0.008215466571957573
511,-22.65211890714209,-22.63370820634481,-22.68286166150191,-0.018410700797275595,0.030742754359820997
510,-39.89229751622248,-39.8748097889775,-39.88856173000059,-0.017487727244983414,-0.0037357862218954504
509,-28.86909826220137,-28.85045902689463,-28.87720426111302,-0.018639235306732567,0.008105998911652859
508,-34.14844572501501,-34.13612356841804,-34.05499302941256,-0.012322156596965748,-0.0934526956024513
507,-25.59913256888037,-25.5808669143982,-25.59824202224696,-0.018265654482171056,-0.0008905466334141569
506,-34.46415822447683,-34.46415822447683,-34.46698417864125,0,0.002825954164414574
505,-13.15668907275423,-13.15668907275423,-13.1629735348905,0,0.006284462136272904
504,-13.43824374044046,-13.43824374044046,-13.44075550968721,0,0.0025117692467503503
503,-20.40425574650495,-20.40425574650495,-20.39891533461546,3.996802888650556e-15,-0.005340411889495254
502,-5.859069518015596,-5.859069518015595,-5.856354037213746,-8.881784197001256e-16,-0.00271548080184922
501,-24.32091925162464,-24.32091925162464,-24.33671851227093,0,0.01579926064628257
500,-23.01103429277208,-22.99310370240151,-23.01472681770618,-0.01793059037057535,0.0036925249340985485
499,-4.637969346437615,-4.637969346437615,-4.637609911477369,0,-0.00035943496024602966
498,-43.31017635539467,-43.29257314725608,-43.32888498367677,-0.01760320813859553,0.018708628282098676
497,-31.80017315829501,-31.78628066315827,-31.71424821592576,-0.013892495136737138,-0.08592494236924961
496,-29.33661261134239,-29.31712889351802,-29.35875288191024,-0.019483717824371586,0.02214027056784907
495,-21.14616861399564,-21.12845788178213,-21.15962085376158,-0.017710732213515667,0.013452239765939998
494,-25.08566479949789,-25.06781600215917,-25.10020036375716,-0.017848797338718445,0.014535564259276506
493,-20.80366484887699,-20.78557472593657,-20.82648516287941,-0.018090122940417837,0.022820314002423677
492,-21.37907341737535,-21.36059186614816,-21.38530663559937,-0.01848155122718965,0.0062332182240217235
491,-9.104668404879499,-9.086807665835195,-9.110333757749698,-0.01786073904430379,0.005665352870198973
490,-16.5890657664033,-16.57164672420447,-16.60373968994017,-0.017419042198827787,0.01467392353687257
489,-22.79196544630836,-22.77372281182127,-22.80343058371443,-0.018242634487091222,0.011465137406069968
488,-27.8271101236542,-27.80924858647634,-27.82160760595947,-0.017861537177857708,-0.005502517694729649
487,-16.23018287087733,-16.21232220826351,-16.25664415361016,-0.017860662613823998,0.026461282732824696
486,-14.70824103589264,-14.69041412184574,-14.7290854997223,-0.017826914046901638,0.0208444638296556
485,-12.94555252425512,-12.92691327241929,-12.96632271190734,-0.01863925183582893,0.020770187652223167
484,-15.79708854575671,-15.77859515911187,-15.81259539227787,-0.018493386644839994,0.01550684652115559
483,-31.3760259629009,-31.35656063850631,-31.38769117764528,-0.01946532439458432,0.011665214744383234
482,-11.41712245566441,-11.39893609379319,-11.42912999470385,-0.018186361871222828,0.01200753903943764
481,-23.45291989086897,-23.43491152652005,-23.48298980480196,-0.018008364348911943,0.030069913932994075
480,-16.07302811149103,-16.05495740590838,-16.08777831122301,-0.01807070558265873,0.014750199731977843
479,-22.94990635481918,-22.93170910186119,-22.97381168802976,-0.01819725295799302,0.023905333210581938
478,-23.29715584665233,-23.27984600631329,-23.31384658146691,-0.01730984033904195,0.01669073481458501
477,-12.97476549291583,-12.95733008296458,-12.98551614637813,-0.017435409951248773,0.01075065346229771
476,-27.09823485281482,-27.07829574508199,-27.11176573497329,-0.019939107732835047,0.013530882158470507
475,-15.89033448040887,-15.87183973069045,-15.90459275833225,-0.01849474971842645,0.014258277923376831
474,-13.1617938089288,-13.1432020337283,-13.17330587483461,-0.018591775200500087,0.01151206590581194
473,-29.88513006522119,-29.87135200889561,-29.79499936321633,-0.013778056325573817,-0.09013070200485626
472,-23.64187601971518,-23.62192779309924,-23.6650624318767,-0.01994822661594142,0.023186412161525272
471,-30.89765771618151,-30.94897349543845,-30.85116678438837,0.05131577925693876,-0.046490931793144376
470,-18.00954263756106,-17.9913566205092,-18.01749524444799,-0.018186017051853277,0.007952606886930834
469,-32.6039323784022,-32.58529312772209,-32.62311337432698,-0.018639250680109895,0.019180995924777264
468,-22.34824091923932,-22.32922977493389,-22.31629061913548,-0.019011144305427087,-0.03195030010383353
467,-32.77548059478092,-32.76157424163872,-32.69742207030906,-0.013906353142196785,-0.07805852447185656
466,-13.69593763661565,-13.67785811377841,-13.70579412508696,-0.018079522837238526,0.009856488471317522
465,-28.60829834768678,-28.59010114275819,-28.60959373552744,-0.018197204928597478,0.0012953878406594909
464,-20.98678963127098,-20.9678468799928,-21.00410870328423,-0.018942751278178318,0.01731907201325048
463,-9.91233220230559,-9.894145839092007,-9.919743504954385,-0.018186363213583634,0.007411302648794495
462,-22.34467687002084,-22.32669436082742,-22.36758058440701,-0.017982509193419784,0.022903714386164
461,-36.7762348387356,-36.75806769389038,-36.77455599551807,-0.01816714484521499,-0.001678843217526147
460,-27.62808231307793,-27.60439773436399,-27.56977557796466,-0.02368457871394019,-0.05830673511326977
459,-22.72793703220095,-22.70992898210623,-22.74461478560265,-0.01800805009471423,0.016677753401697835
458,-24.29333912957924,-24.2753784492247,-24.32089784672613,-0.017960680354541098,0.027558717146888578
457,-40.49600939130942,-40.45824317777027,-40.39692452398451,-0.03776621353915031,-0.0990848673249119
456,-25.51906397840577,-25.500213485192,-25.53542118579847,-0.018850493213765383,0.0163572073927012
455,-35.9138443828954,-35.89818637846192,-35.8296659383246,-0.015658004433476036,-0.08417844457080288
454,-28.86657640036118,-28.84915591203886,-28.8834167390035,-0.017420488322318968,0.016840338642313848
453,-18.64955091858252,-18.63156966755322,-18.65653019458455,-0.017981251029304663,0.006979276002030993
452,-23.72062720634764,-23.7124362089098,-23.62302186529591,-0.008190997437836217,-0.09760534105172529
451,-33.87092837046398,-33.85361695325584,-33.85059738919453,-0.017311417208134065,-0.020330981269452764
450,-25.91093057227278,-25.89233847248755,-25.93322176416115,-0.018592099785230656,0.02229119188837103
449,-9.838692699963277,-9.820197917163597,-9.846568960909055,-0.01849478279967971,0.007876260945777772
448,-23.76335827824151,-23.746758049727,-23.77211950810612,-0.01660022851451261,0.008761229864614226
447,-38.11329646382642,-38.08124498326996,-38.10697706293359,-0.03205148055645427,-0.006319400892820648
446,-8.600155932356019,-8.581969573073543,-8.607353214994808,-0.018186359282475816,0.00719728263878864
445,-15.61526548053878,-15.59628724329741,-15.62728370278389,-0.018978237241361426,0.012018222245114086
444,-16.95638705687546,-16.93820069758237,-16.96683447284586,-0.018186359293082415,0.010447415970404281
443,-30.42290923037969,-30.40472810758621,-30.44571748868233,-0.018181122793478683,0.022808258302646094
442,-11.17621579558862,-11.15961589891629,-11.17815979418661,-0.016599896672328637,0.0019439985979887713
441,-21.73225107134926,-21.71381923762697,-21.76828848464023,-0.01843183372229265,0.03603741329096613
440,-10.92530475332758,-10.90703877728137,-10.93741673321787,-0.01826597604620698,0.012111979890294406
439,-35.30569800273263,-35.28769113722934,-35.26729442682873,-0.018006865503288314,-0.03840357590390653
438,-31.08840603354067,-31.07314768377115,-31.00555033354652,-0.015258349769517609,-0.08285569999415544
437,-19.23791429943498,-19.20167627411636,-19.25337334590139,-0.03623802531862096,0.015459046466410694
436,-38.77276544525446,-38.75616551895386,-38.76446987712248,-0.016599926300592906,-0.00829556813197742
435,-15.54823560161868,-15.52946848108405,-15.55684640758168,-0.01876712053463155,0.008610805963000779
434,-23.57896101120989,-23.56078433911265,-23.60305098463418,-0.018176672097240512,0.02408997342429217
433,-39.86282950743408,-39.85995978870918,-39.79886064118039,-0.0028697187249023142,-0.06396886625368836
432,-7.983303248616698,-7.964808405371763,-7.98918824945674,-0.01849484324493477,0.005885000840041921
431,-20.01790753538031,-19.99796539465042,-20.03809118254086,-0.01994214072988501,0.020183647160546988
430,-17.57638741929885,-17.55789260457055,-17.59223431025048,-0.01849481472829945,0.015846890951625225
429,-24.62987269321359,-24.61818268244781,-24.52956755638616,-0.011690010765775577,-0.10030513682742992
428,-33.16360283987552,-33.16360283987552,-33.15407252593862,0,-0.009530313936906464
427,-26.59096135236704,-26.74814281148712,-26.63857846759425,0.15718145912007855,0.047617115227215345
426,-38.78013206691261,-38.7471005978335,-38.74832915795187,-0.03303146907910556,-0.03180290896073504
425,-12.99276008219057,-12.97481071599242,-13.01332549179849,-0.01794936619815429,0.02056540960792179
424,-13.97459663303958,-13.95658695192843,-13.99913605804683,-0.018009681111148947,0.024539425007247467
423,-14.87892496389955,-14.86043012368184,-14.88339315648017,-0.01849484021771634,0.0044681925806195465
422,-34.9871824293986,-34.98565260753676,-34.89083647667424,-0.001529821861844015,-0.09634595272436282
421,-25.55725359228394,-25.53898735915418,-25.57404957304889,-0.018266233129750703,0.016795980764953977
420,-20.21523313118426,-20.19574874987878,-20.21574285301253,-0.01948438130548171,0.0005097218282657748
419,-27.16314671646009,-27.14494924167427,-27.18380991450055,-0.018197474785818443,0.020663198040455966
418,-52.14032603125991,-53.84571019327495,-52.67987922228932,1.7053841620150365,0.5395531910294126
417,-12.99130395545833,-12.97385123208151,-13.00072528338397,-0.0174527233768185,0.009421327925643775
416,-31.38893385076606,-31.36954353174555,-31.41608363167428,-0.019390319020505562,0.027149780908221025
415,-26.35935005590511,-26.35659484712641,-26.32621729121135,-0.0027552087786944326,-0.03313276469376087
414,-29.74887209935915,-29.7305016983778,-29.76813345572749,-0.01837040098135029,0.019261356368343346
413,-15.5252887261642,-15.51055015828132,-15.42724382777863,-0.014738567882874396,-0.09804489838556488
412,-34.2538387300066,-34.23559524500415,-34.28272535490706,-0.0182434850024507,0.028886624900458537
411,-34.51524368104104,-34.49632067735001,-34.53098484663943,-0.018923003691021775,0.01574116559839224
410,-12.68510767174901,-12.66724693433636,-12.69754976856218,-0.01786073741265072,0.012442096813167044
409,-31.59588740508173,-31.57769340075037,-31.60809775681673,-0.018194004331366607,0.012210351734996253
408,-16.21272489511539,-16.19445860302515,-16.22597478110234,-0.01826629209023876,0.013249885986951199
407,-12.08236518079015,-12.06738214490701,-12.02318531366818,-0.014983035883137354,-0.05917986712196567
406,-35.65047880504627,-35.63378965704801,-35.61794891287655,-0.016689147998263768,-0.032529892169719694
405,-52.57385769379508,-52.54267869565434,-52.53045428746876,-0.03117899814073871,-0.043403406326319775
404,-58.73051308464442,-58.71233652783208,-58.76235145592816,-0.01817655681234247,0.031838371283740556
403,-53.86674157910996,-53.84197032442787,-53.8542106159084,-0.02477125468209348,-0.012530963201562875
402,-27.16658923044239,-27.14799353636801,-27.16995973835071,-0.018595694074377868,0.003370507908315351
401,-48.24029402136953,-49.15173579289164,-48.02140074036554,0.9114417715221139,-0.21889328100398586
400,-36.4509012990725,-36.43430140239342,-36.43174924171748,-0.01659989667907529,-0.019152057355022137
399,-40.41090179515891,-40.39268483788167,-40.45065842675929,-0.018216957277239543,0.03975663160038356
398,-61.20763232573316,-61.19453594414619,-61.22493992151328,-0.01309638158696909,0.0173075957801243
397,-28.57334083411091,-28.56691756041377,-28.55432660584273,-0.0064232736971412034,-0.01901422826817982
396,-27.84936972340195,-27.82942135429039,-27.85996251372099,-0.019948369111563842,0.0105927903190346
395,-27.45180967693178,-27.44014663717714,-27.35319365095132,-0.011663039754637299,-0.09861602598045852
394,-34.2415448001235,-34.22346848483679,-34.24784444936216,-0.01807631528670589,0.00629964923865592
393,-37.22342952263233,-37.20256548849098,-37.23897736512615,-0.020864034141354227,0.015547842493824003
392,-38.94359600667311,-38.92572297467218,-38.96011423826754,-0.017873032000927883,0.016518231594424976
391,-19.88137986676811,-19.86278814819302,-19.8992179368025,-0.018591718575095187,0.017838070034390453
390,-27.92398539634654,-27.89632271075372,-27.83575101062467,-0.027662685592829868,-0.08823438572187571
389,-35.09049024245374,-35.07221156341863,-35.0862044235315,-0.01827867903511302,-0.004285818922241443
388,-49.32993322711863,-49.31333367590079,-49.31980284225179,-0.016599551217844077,-0.010130384866840831
387,-8.144953645051345,-8.126687305725603,-8.149673341169974,-0.018266339325741406,0.004719696118629593
386,-17.8386272135858,-17.82003543173703,-17.85543806758513,-0.01859178184877668,0.016810853999331188
385,-22.08074928319132,-22.06488307840825,-21.9870049069961,-0.01586620478306957,-0.09374437619522168
384,-32.09819287428049,-32.08002355521581,-32.1223319550154,-0.01816931906468261,0.024139080734912062
383,-35.51288559237295,-35.49424644100606,-35.53855636669322,-0.01863915136688382,0.025670774320275362
382,-37.67673515053907,-37.6566195383442,-37.7026137295035,-0.02011561219487134,0.02587857896442369
381,-28.22717500757793,-28.32478229573427,-28.1597007860933,0.09760728815633639,-0.06747422148463394
380,-53.49907445272081,-53.50740871694494,-53.41494988636101,0.008334264224124619,-0.08412456635979734
379,-36.26720618260764,-36.24789139120435,-36.28824446129735,-0.01931479140328916,0.02103827868971607
378,-20.02707428779022,-20.01083749855438,-19.93648733628724,-0.01623678923584034,-0.09058695150298494
377,-52.5414910457663,-56.18868440828435,-54.54733487505184,3.6471933625180455,2.0058438292855385
376,-32.15561469789248,-32.14245065295603,-32.05944728099831,-0.013164044936452544,-0.09616741689417553
375,-28.2940517436222,-28.2940517436222,-28.30458340290737,0,0.010531659285174553
374,-16.45309816988167,-16.45309816988167,-16.44907819905199,0,-0.004019970829684667
373,-41.23181471411021,-41.23181471411021,-41.22289443011613,0,-0.00892028399407253
372,-40.73291346240052,-40.73291346240052,-40.74883565329474,0,0.015922190894215857
371,-25.1897063777382,-25.1897063777382,-25.18420312314365,0,-0.005503254594554366
370,-25.48249328458244,-25.48249328458244,-25.46537037281636,0,-0.017122911766083587
369,-15.96826799830314,-15.96826799830314,-15.96951076071804,0,0.0012427624149003896
368,-12.22857310627891,-12.21070294746781,-12.25485914981356,-0.01787015881109788,0.02628604353464875
367,-24.3334757951852,-24.3158444983029,-24.34414583240967,-0.01763129688229265,0.010670037224474732
366,-24.47591517028371,-24.46093365563872,-24.40509567604758,-0.014981514644986725,-0.07081949423613312
365,-27.06321923437467,-27.04537113352592,-27.07337013848127,-0.01784810084875948,0.010150904106595362
364,-24.95430855746978,-24.93592723310735,-24.97381798661501,-0.018381324362430056,0.01950942914523475
363,-31.41362435519635,-31.3957643238272,-31.42831079981728,-0.017860031369146122,0.014686444620927492
362,-21.5848774178436,-21.56692036771741,-21.56332052068362,-0.01795705012619213,-0.021556897159978643
361,-19.03591452129945,-19.01790488786831,-19.06128490933777,-0.018009633431137963,0.025370388038325274
360,-10.64053510730149,-10.6223491334619,-10.65325906169883,-0.01818597383958752,0.012723954397337861
359,-55.14809626946823,-55.11890111576167,-55.21076593583448,-0.02919515370655289,0.06266966636625444
358,-25.21018350611163,-25.17878264832325,-25.16156310873188,-0.031400857788383967,-0.048620397379757214
357,-22.81418633232743,-22.79620715970465,-22.83325343301523,-0.017979172622784,0.019067100687802492
356,-27.99827971173341,-27.98085911774387,-28.00286706817636,-0.017420593989541534,0.004587356442953669
355,-33.7038024878636,-33.6855362157151,-33.7127418584639,-0.018266272148494488,0.008939370600302353
354,-20.03814702803243,-20.019801264874,-20.06010904063137,-0.018345763158429,0.021962012598941143
353,-13.13609088440563,-13.12437822795047,-13.03581631215304,-0.011712656455159681,-0.10027457225259079
352,-12.51451397587,-12.4960195296756,-12.52684744821023,-0.01849444619439744,0.012333472340232306
351,-34.90856032797703,-34.88922798584451,-34.920455914816,-0.019332342132521798,0.011895586838967919
350,-19.68382313972694,-19.66387489462399,-19.71070414245652,-0.019948245102956008,0.02688100272957734
349,-28.33077794373188,-28.31304466174915,-28.33501900202792,-0.01773328198273203,0.004241058296031656
348,-29.4854816638849,-29.4854816638849,-29.47835140335167,0,-0.007130260533234182
347,-10.15255444875091,-10.15255444875091,-10.15286913280013,0,0.00031468404921857444
346,-18.88573090479896,-18.88573090479896,-18.89094985472664,0,0.005218949927676893
345,-23.90944968309187,-23.90944968309187,-23.92124304522452,0,0.01179336213265018
344,-30.27943817039108,-30.27943817039108,-30.28792764358481,0,0.008489473193726905
343,-43.12803631095728,-43.11005337240886,-43.25458232255949,-0.01798293854842114,0.12654601160221526
342,-17.94233855122776,-17.92407221271115,-17.95503104502608,-0.018266338516607295,0.012692493798319547
341,-27.93618899545377,-27.91825799251431,-27.9339578455906,-0.017931002939466395,-0.002231149863174371
340,-15.47512750183411,-15.45618477851621,-15.49348244102883,-0.01894272331790423,0.018354939194718523
339,-18.50654505873478,-18.48706061341017,-18.52975449595019,-0.019484445324607653,0.02320943721541001
338,-26.06711355002298,-26.04893687846949,-26.09633423291843,-0.018176671553490575,0.02922068289544232
337,-23.89761105591597,-23.89761105591597,-23.8947455231078,0,-0.0028655328081654326
336,-18.06028991761649,-18.06028991761649,-18.05601492563893,0,-0.004274991977553101
335,-29.05273063068996,-29.05273063068996,-29.03931002920419,0,-0.013420601485773138
334,-17.40694944517069,-17.40694944517069,-17.40887357695261,3.996802888650556e-15,0.0019241317819264925
333,-23.80284532289161,-23.80284532289161,-23.80132405771137,0,-0.001521265180240722
332,-16.85042763732088,-16.85042763732088,-16.84636750275812,0,-0.004060134562756472
331,-33.29857515614951,-33.29857515614951,-33.2935974648112,0,-0.004977691338311308
330,-23.18983210168518,-23.18983210168518,-23.19719227819273,0,0.007360176507556961
329,-19.7774310877145,-19.7774310877145,-19.77403884000921,0,-0.003392247705285446
328,-18.44794022215216,-18.44794022215216,-18.4492324392918,0,0.0012922171396424508
327,-19.54713963824003,-19.54713963824003,-19.5498607238126,0,0.002721085572563229
326,-35.16060490009376,-35.16060490009376,-35.17296239642072,0,0.012357496326963039
325,-38.20434499991262,-38.20434499991262,-38.21197926106836,0,0.00763426115573686
324,-20.86945217391468,-20.86945217391467,-20.86885790018408,-3.552713678800507e-15,-0.0005942737305950835
323,-19.82030845307828,-19.82030845307828,-19.82680148675161,0,0.006493033673329583
322,-24.78572032458194,-24.78572032458194,-24.7993735348523,0,0.013653210270352123
321,-35.28544433218378,-35.28544433218378,-35.29464779362515,0,0.009203461441366407
320,-32.24318617344984,-32.24318617344984,-32.25293871520925,0,0.009752541759418532
319,-13.41202968853853,-13.41202968853853,-13.41196289173626,0,-0.0000667968022707335
318,-29.54613947845377,-29.54613947845377,-29.54205902611077,0,-0.004080452343000519
317,-9.631868128107271,-9.631868128107271,-9.630290550922684,0,-0.00157757718458744
316,-19.62358318043517,-19.62358318043517,-19.61895743064055,0,-0.004625749794623556
315,-9.885384718786899,-9.885384718786899,-9.88712652873592,0,0.0017418099490204282
314,-25.31447128436498,-25.31447128436498,-25.29909899128053,0,-0.015372293084446634
313,-25.13722086157107,-25.13722086157107,-25.14872060053337,0,0.011499738962299971
312,-7.736975134670793,-7.736975134670793,-7.732350664882208,0,-0.004624469788584631
311,-7.806276568480899,-7.806276568480899,-7.800685883245374,0,-0.005590685235524925
310,-16.34246325560513,-16.34246325560513,-16.34024460010837,0,-0.0022186554967511575
309,-13.65629908175889,-13.65629908175889,-13.66118379730294,0,0.0048847155440543515
308,-21.8378049177064,-21.8378049177064,-21.84217207472233,0,0.004367157015931485
307,-12.62450525227978,-12.62450525227978,-12.62616753263808,0,0.0016622803582981328
306,-23.4492565006812,-23.4492565006812,-23.44888725025761,0,-0.00036925042359572604
305,-20.26130343704506,-20.26130343704506,-20.25730291767185,0,-0.004000519373203519
304,-22.91092436107809,-22.91092436107809,-22.92322685165098,0,0.01230249057289204
303,-12.96770674288466,-12.96770674288466,-12.96510596901714,0,-0.002600773867520476
302,-32.23931282241834,-32.23931282241834,-32.23900450835615,0,-0.0003083140621882189
301,-20.17592648451809,-20.17592648451809,-20.17882766925125,0,0.0029011847331582804
300,-15.7273115004054,-15.7273115004054,-15.72295906446214,0,-0.0043524359432555865
299,-45.00790626865315,-45.00790626865315,-45.01617514582479,0,0.00826887717163755
298,-17.04978271780183,-17.04978271780183,-17.05471673894965,0,0.0049340211478221315
297,-13.33289282195509,-13.33289282195509,-13.32792121825834,-1.776356839400252e-15,-0.0049716036967560094
296,-11.78517511286373,-11.78517511286373,-11.78736437894221,0,0.002189266078480194
295,-20.13401406374464,-20.13401406374464,-20.13984303711405,0,0.005828973369407716
294,-16.19460142847218,-16.19460142847218,-16.20555616990893,0,0.010954741436751654
293,-20.00129683140351,-20.00129683140351,-20.00569233103659,0,0.004395499633073508
292,-17.52376497937143,-17.52376497937143,-17.52333864653212,0,-0.00042633283931079716
291,-17.16842151069822,-17.16842151069822,-17.17353864943435,0,0.005117138736128104
290,-11.45674718118049,-11.45674718118049,-11.45426321795406,0,-0.0024839632264210634
289,-15.13823874786795,-15.13823874786795,-15.1425899310156,0,0.004351183147649706
288,-12.7232528680316,-12.7232528680316,-12.72542920537757,0,0.0021763373459684284
287,-19.71043098550889,-19.71043098550889,-19.70889965462238,0,-0.0015313308865074315
286,-14.44901577900581,-14.44901577900581,-14.44930761181189,0,0.000291832806085967
285,-29.22583494576238,-29.22583494576238,-29.23329186757465,0,0.007456921812273755
284,-9.892857293458784,-9.892857293458784,-9.890862632876026,0,-0.0019946605827580654
283,-10.49721900205071,-10.49721900205071,-10.49378087140521,0,-0.003438130645500689
282,-12.63304344422954,-12.63304344422954,-12.63178772828105,1.9984014443252798e-15,-0.0012557159484831266
281,-18.99895799284755,-18.99895799284755,-19.00254543413978,0,0.0035874412922250903
280,-17.76268970103443,-17.76268970103443,-17.75408947726782,0,-0.008600223766613612
279,-15.00281082342692,-15.00281082342692,-15.01120839509299,0,0.00839757166606741
278,-13.99339996913332,-13.99339996913332,-13.99763764330384,0,0.004237674170516178
277,-20.48670765776655,-20.48670765776655,-20.4899973171529,0,0.003289659386350403
276,-23.96372642211593,-23.96372642211593,-23.9500315601572,0,-0.013694861958729373
275,-17.6036236570391,-17.6036236570391,-17.59738501433744,0,-0.0062386427016570085
274,-10.05168805754919,-10.05168805754919,-10.0526362291033,0,0.0009481715541088927
273,-23.32500798771233,-23.32500798771233,-23.33015615250252,0,0.005148164790195568
272,-10.54529021076257,-10.54529021076257,-10.53939057711492,0,-0.005899633647647587
271,-8.277161275919909,-8.277161275919909,-8.274674871796769,0,-0.0024864041231396268
270,-23.92892210637368,-23.92892210637368,-23.93489108405316,0,0.0059689776794835826
269,-9.956614901727287,-9.956614901727287,-9.955157748294116,0,-0.001457153433170402
268,-17.198055285327,-17.198055285327,-17.19872191964567,0,0.0006666343186728397
267,-31.28607744122922,-31.28607744122922,-31.28596330319414,0,-0.00011413803508017222
266,-20.47110388958776,-20.47110388958776,-20.48143604357475,0,0.010332153986983445
265,-25.28120067656391,-25.28120067656391,-25.28581591454734,0,0.004615237983429952
264,-20.03356351836786,-20.03356351836786,-20.03624174397097,0,0.0026782256031129183
263,-31.97967888083737,-31.97967888083737,-31.98227921238797,0,0.0026003315505993304
262,-17.49543571796339,-17.49543571796339,-17.49174176816439,0,-0.003693949798996972
261,-18.10712245242371,-18.10712245242371,-18.10266634578658,0,-0.0044561066371251
260,-27.45891255413252,-27.45891255413252,-27.46179120675216,0,0.002878652619639033
259,-37.19163052314845,-37.19163052314845,-37.1966313512896,0,0.005000828141156417
258,-27.70567178681327,-27.70567178681327,-27.71697941265096,0,0.01130762583769155
257,-25.09858109995982,-25.09858109995982,-25.08394739947604,0,-0.014633700483784677
256,-25.39888496765791,-25.39888496765791,-25.38787389088725,0,-0.011011076770660773
255,-20.48924368809681,-20.48924368809681,-20.48859858422757,0,-0.00064510386923544
254,-27.03103682261999,-27.03103682261999,-27.0286211415473,0,-0.002415681072690721
253,-37.82419150117892,-37.82419150117892,-37.82961752348345,0,0.005426022304533379
252,-25.651093967679,-25.651093967679,-25.64665024951087,0,-0.004443718168136718
251,-41.18722248531989,-41.18722248531989,-41.18870795615973,0,0.0014854708398454651
250,-23.51274978486869,-23.51274978486869,-23.51130016210093,0,-0.0014496227677547415
249,-38.54891193777667,-38.54891193777667,-38.53907371366905,0,-0.009838224107617992
248,-41.54887424357895,-41.54887424357895,-41.54481722354398,0,-0.004057020034970564
247,-41.05759406434732,-41.05759406434732,-41.05284210015582,0,-0.004751964191498857
246,-10.48941225693454,-10.48941225693454,-10.48898348712537,0,-0.00042876980917230106
245,-27.40855567894252,-27.40855567894252,-27.41156644664801,0,0.0030107677054972705
244,-37.20956140288202,-37.20956140288202,-37.18534384851198,0,-0.024217554370039848
243,-34.62632858443477,-34.62632858443477,-34.62853634279448,0,0.0022077583597100337
242,-18.04289855083845,-18.04289855083845,-18.04323915920966,0,0.0003406083712102687
241,-24.26403471074243,-24.26403471074243,-24.25349521232286,0,-0.010539498419568366
240,-36.48563190091949,-36.48563190091949,-36.47123589208815,0,-0.014396008831340608
239,-23.96380334101699,-23.96380334101699,-23.97374453143602,0,0.009941190419035063
238,-12.3702851674933,-12.3702851674933,-12.36969640777317,0,-0.0005887597201379862
237,-35.50006956645768,-35.50006956645768,-35.49377065097253,0,-0.0062989154851536165
236,-30.92234147993517,-30.92234147993517,-30.93069471378043,0,0.008353233845263005
235,-20.57600302139881,-20.57600302139881,-20.58721038888746,0,0.011207367488651528
234,-29.10679375728902,-29.10679375728902,-29.10256584738458,0,-0.004227909904436479
233,-28.33408129958532,-28.33408129958532,-28.3274370869207,0,-0.006644212664618031
232,-37.32884217078708,-37.32884217078708,-37.33235861994952,0,0.0035164491624468264
231,-32.45625108245819,-32.45625108245819,-32.45056494650616,0,-0.0056861359520326464
230,-28.5205810636939,-28.5205810636939,-28.52294368700573,0,0.0023626233118254217
229,-32.04626358342203,-32.04626358342203,-32.02779956205227,0,-0.018464021369751994
228,-15.97777880708287,-15.97777880708287,-15.98255178904517,0,0.004772981962296733
227,-21.09080929495651,-21.09080929495651,-21.08058981788512,0,-0.010219477071394993
226,-30.66298716838406,-30.66298716838406,-30.67153496652577,0,0.008547798141709615
225,-19.69799673704282,-19.69799673704282,-19.70179931731631,0,0.00380258027349696
224,-17.27031895400465,-17.27031895400465,-17.26830229472345,0,-0.002016659281199601
223,-33.3872654965965,-33.3872654965965,-33.39719733451489,0,0.009931837918394684
222,-21.17740799508685,-21.17740799508685,-21.17815574567046,0,0.0007477505836065963
221,-30.11962980373226,-30.11962980373226,-30.11995445634615,0,0.0003246526138907604
220,-43.19434848112689,-43.19434848112689,-43.19447978177004,0,0.00013130064315421746
219,-11.19616620358516,-11.19616620358516,-11.19726958801505,0,0.0011033844298888875
218,-24.46976012193409,-24.46976012193409,-24.4760757915002,0,0.006315669566109513
217,-26.78079242678186,-26.78079242678186,-26.79100417833711,0,0.010211751555250009
216,-29.485080426296,-29.485080426296,-29.48238442047755,0,-0.002696005818449926
215,-39.21426487498927,-39.21426487498927,-39.20051531995878,0,-0.01374955503048625
214,-34.71675661732657,-34.71675661732657,-34.73303781948624,0,0.01628120215966787
213,-31.53313016305873,-31.53313016305873,-31.53674046279061,0,0.0036102997318896695
212,-25.60652005582374,-25.60652005582374,-25.61076544964433,0,0.0042453938205932115
211,-30.11968644603467,-30.11968644603467,-30.11996130441524,0,0.00027485838057429566
210,-21.11316806948105,-21.11316806948105,-21.11424421408956,0,0.0010761446085114461
209,-25.41272979471642,-25.41272979471642,-25.40708331901525,0,-0.00564647570117673
208,-26.86762416995266,-26.86762416995266,-26.87281951283912,0,0.005195342886459511
207,-41.3143827131955,-41.3143827131955,-41.31820064416149,0,0.0038179309659866897
206,-46.95809414138396,-46.95809414138396,-46.97869302255108,0,0.02059888116712501
205,-30.72832963509783,-30.72832963509783,-30.72176374804414,0,-0.006565887053692904
204,-32.91939398876594,-32.91939398876594,-32.9104340273208,0,-0.008959961445135872
203,-38.43496402312982,-38.43496402312982,-38.44977230150158,0,0.01480827837175981
202,-9.481089716149697,-9.481089716149697,-9.480349352607654,0,-0.000740363542043148
201,-27.80010195109936,-27.80010195109936,-27.78515549320965,0,-0.014946457889706772
200,-37.61454274575987,-37.61454274575987,-37.5883574420182,0,-0.026185303741669923
199,-52.41472327012141,-52.41472327012141,-52.39242252794256,0,-0.022300742178849527
198,-43.85674468518998,-43.85674468518998,-43.85236742165441,0,-0.0043772635355736455
197,-32.52104750817983,-32.52104750817983,-32.53627537556449,0,0.015227867384659493
196,-21.25910196983532,-21.25910196983532,-21.25898185978667,0,-0.00012011004865182844
195,-31.07764321392296,-31.07764321392296,-31.08014820400286,0,0.002504990079898525
194,-40.18099540004003,-40.18099540004003,-40.19419011698052,0,0.013194716940489504
193,-14.43882593265482,-14.43882593265482,-14.43728322184416,0,-0.0015427108106607597
192,-27.45567025469362,-27.45567025469362,-27.44973099950429,0,-0.0059392551893254035
191,-27.94713408421808,-27.94713408421808,-27.94488294603656,0,-0.0022511381815135487
190,-50.06535230802655,-50.06535230802655,-50.05954994383112,0,-0.005802364195432096
189,-23.40853654836475,-23.40853654836475,-23.41348488106933,0,0.004948332704582908
188,-40.3126486321424,-40.3126486321424,-40.29449327566481,0,-0.01815535647759247
187,-48.38132794414121,-48.38132794414121,-48.38160048840878,0,0.0002725442675667205
186,-28.39432719388428,-28.39432719388428,-28.4005084626506,0,0.00618126876632594
185,-32.16582415020748,-32.16582415020748,-32.15963537684102,0,-0.006188773366453453
184,-32.49193906873248,-32.49193906873248,-32.46006532757103,0,-0.03187374116144776
183,-27.27876441428994,-27.27876441428994,-27.26932929949487,0,-0.009435114795071076
182,-30.83189551019181,-30.83189551019181,-30.8198692831441,0,-0.012026227047705602
181,-52.00189109591668,-52.00189109591668,-52.00462120730952,0,0.00273011139284274
180,-34.10834211477174,-34.10834211477174,-34.11358808193256,0,0.005245967160817465
179,-49.07906593939593,-49.07906593939593,-49.04606765766629,0,-0.03299828172963969
178,-23.09767721491953,-23.09767721491953,-23.08692252461848,0,-0.010754690301048671
177,-32.48621311597746,-32.48621311597746,-32.48163069594054,0,-0.004582420036918196
176,-26.6994508204743,-26.6994508204743,-26.70846849798108,0,0.009017677506782814
175,-19.44175523396451,-19.44175523396451,-19.43945924096247,0,-0.002295993002046916
174,-18.29755021701725,-18.29755021701725,-18.28823726973884,0,-0.009312947278417083
173,-46.02144629781427,-46.02144629781427,-46.0335047974847,0,0.012058499670423852
172,-19.07532572358267,-19.07532572358267,-19.07763604215814,0,0.0023103185754716543
171,-23.3958741552102,-23.39587415521019,-23.39220706061282,-3.552713678800507e-15,-0.0036670945973824457
170,-44.98855302208762,-44.98855302208762,-45.00390703493652,0,0.01535401284889517
169,-15.97882673015308,-15.97882673015308,-15.98838328341553,0,0.00955655326244325
168,-16.08375898846664,-16.08375898846664,-16.088932630486,0,0.005173642019361718
167,-30.2578228388605,-30.2578228388605,-30.24000981632942,0,-0.01781302253107947
166,-11.9316417709268,-11.9316417709268,-11.92119027344979,0,-0.01045149747700873
165,-29.86679120559786,-29.86679120559786,-29.85852301088316,0,-0.008268194714702273
164,-29.82651806905498,-29.82651806905498,-29.81374852328619,0,-0.012769545768790592
163,-6.016978549985728,-6.016978549985728,-6.018774294216388,0,0.0017957442306596205
162,-25.25386280870315,-25.25386280870315,-25.25901077249223,0,0.005147963789077348
161,-24.84342137758598,-24.84342137758598,-24.8437919757921,0,0.00037059820611782206
160,-15.36046066457803,-15.36046066457803,-15.36446507049588,0,0.0040044059178483415
159,-24.51191828756512,-24.51191828756512,-24.5238427044682,0,0.011924416903073921
158,-21.22475386667207,-21.22475386667207,-21.23254591343258,0,0.007792046760517891
157,-27.39473685640018,-27.39473685640018,-27.38753326139118,0,-0.007203595008999071
156,-13.77581915667497,-13.77581915667497,-13.77833232424114,0,0.002513167566167832
155,-10.69126123796563,-10.69126123796563,-10.69102033733744,0,-0.0002409006281869046
154,-15.99419941658343,-15.99419941658343,-15.98386352349858,0,-0.010335893084851831
153,-9.129663016678716,-9.129663016678716,-9.120140120800668,0,-0.00952289587804775
152,-13.17293017114923,-13.17293017114923,-13.17019224481389,0,-0.0027379263353406865
151,-28.68609436683349,-28.68609436683349,-28.68622208220576,0,0.0001277153722686218
150,-6.093833802212559,-6.093833802212559,-6.093741492105304,0,-0.00009231010725493844
149,-14.85465137145158,-14.85465137145158,-14.85922424137422,0,0.004572869922645862
148,-16.26573757382581,-16.26573757382581,-16.25431227447928,0,-0.011425299346527164
147,-33.80153455317382,-33.80153455317382,-33.80830334951946,0,0.006768796345639812
146,-13.54843314875158,-13.54843314875158,-13.55300533671917,0,0.004572187967592979
145,-18.16421381864969,-18.16421381864969,-18.16117737871693,0,-0.0030364399327531683
144,-7.736975134670793,-7.736975134670793,-7.732350664882208,0,-0.004624469788584631
143,-15.39668951774431,-15.39668951774431,-15.39087453839385,0,-0.005814979350459424
142,-11.16396900376801,-11.16396900376801,-11.16509341707958,0,0.0011244133115652312
141,-18.70054989230706,-18.70054989230706,-18.69761874781267,0,-0.0029311444943829054
140,-7.736975134670793,-7.736975134670793,-7.732350664882208,0,-0.004624469788584631
139,-23.08939999351285,-23.08939999351285,-23.08499422808787,0,-0.0044057654249769936
138,-10.45915969490272,-10.45915969490272,-10.4568127960799,0,-0.002346898822816319
137,-17.8600307393227,-17.8600307393227,-17.86095155118327,0,0.0009208118605635537
136,-10.62071047876364,-10.62071047876364,-10.62106991874511,0,0.00035943998147341103
135,-6.093833802212559,-6.093833802212559,-6.093741492105304,0,-0.00009231010725493844
134,-13.14353153693595,-13.14353153693595,-13.14441590816667,0,0.0008843712307249934
133,-9.607970745869096,-9.607970745869096,-9.604930390301863,0,-0.003040355567232964
132,-27.72471136034485,-27.72471136034485,-27.73775068016775,0,0.013039319822898294
131,-20.63087431485567,-20.63087431485567,-20.63598717807722,0,0.005112863221544448
130,-30.34601955688335,-30.34601955688335,-30.33191851950466,0,-0.014101037378683403
129,-29.24079643948529,-29.24079643948529,-29.23821897941671,0,-0.0025774600685828687
128,-20.88320633875956,-20.88320633875956,-20.87883882044884,0,-0.004367518310711886
127,-14.77835651498974,-14.77835651498974,-14.7805858429912,0,0.0022293280014566374
126,-15.93921667493553,-15.93921667493553,-15.94376481362475,0,0.004548138689222918
125,-13.76188662459096,-13.76188662459096,-13.76170467856064,0,-0.00018194603032034565
124,-12.68021742860462,-12.68021742860462,-12.68372311606139,0,0.003505687456766378
123,-29.49098650260703,-29.49098650260703,-29.49049130597358,0,-0.0004951966334517095
122,-48.65649010220351,-48.65649010220351,-48.65995706033747,0,0.0034669581339631006
121,-10.15431267437491,-10.15431267437491,-10.1452714782071,0,-0.009041196167808987
120,-16.72174448386177,-16.72174448386177,-16.71170952330234,0,-0.010034960559433828
119,-29.53827029322118,-29.53827029322118,-29.54916655241468,0,0.010896259193494523
118,-9.439159101862355,-9.439159101862355,-9.443679170096292,0,0.004520068233937451
117,-8.260788347762816,-8.260788347762816,-8.264285806218362,0,0.0034974584555463226
116,-5.712826292609432,-5.712826292609432,-5.714042700423633,0,0.00121640781420153
115,-26.48048634397964,-26.48048634397964,-26.4848623734505,0,0.004376029470861747
114,-30.39122079845404,-30.39122079845404,-30.38962705754628,0,-0.0015937409077544228
113,-35.07654805034793,-35.05836169607081,-35.08555816228128,-0.01818635427711964,0.009010111933349482
112,-3.997080983067936,-3.997080983067936,-3.997080983067936,0,0
111,-4.338586569985751,-4.338586569985751,-4.338792789584965,0,0.00020621959921368713
110,-4.838961671394836,-4.838961671394836,-4.839024564365899,0,0.00006289297106265286
109,-4.838961671394836,-4.838961671394836,-4.839024564365899,0,0.00006289297106265286
108,-4.587484495675457,-4.587484495675457,-4.587484495675457,0,0
107,-56.72302587237115,-56.7098500870404,-56.65453029976231,-0.013175785330744814,-0.06849557260883903
106,-11.29722392692795,-11.29722392692795,-11.29711666986855,0,-0.00010725705940114238
105,-19.53441565450836,-19.53441565450836,-19.53204011023078,0,-0.002375544277580088
104,-4.447883882166786,-4.447883882166786,-4.447883882166788,0,1.9984014443252798e-15
103,-30.69980397947979,-30.69980397947979,-30.71673283509215,0,0.016928855612359406
102,-17.89936602046384,-17.89936602046384,-17.89715078360004,0,-0.0022152368637975346
101,-10.90663633782205,-10.90663633782205,-10.90982863981292,0,0.0031923019908713436
100,-5.22811333013211,-5.22811333013211,-5.228147722661523,0,0.000034392529413259256
99,-4.488260181125376,-4.488260181125376,-4.488515181344797,0,0.00025500021942222384
98,-3.709505772517562,-3.709505772517562,-3.7093950646398,0,-0.00011070787776156277
97,-4.564565203131516,-4.564565203131516,-4.564834079691876,0,0.00026887656035960895
96,-9.564210469064461,-9.564210469064461,-9.564861420982622,0,0.0006509519181603814
95,-4.611695499393504,-4.611695499393504,-4.611889214233226,0,0.0001937148397218837
94,-20.65605759725648,-20.65605759725648,-20.64845798480378,0,-0.00759961245270096
93,-20.32705666533252,-20.32705666533252,-20.31538421367788,0,-0.011672451654639789
92,-20.06984441105542,-20.06984441105542,-20.07617542628901,0,0.0063310152335883324
91,-21.87484161425515,-21.87484161425515,-21.88477097019154,0,0.009929355936389163
90,-14.57518213881743,-14.57518213881743,-14.57827524982991,0,0.0030931110124774105
89,-27.57313700692097,-27.57313700692097,-27.57787470524817,0,0.004737698327194019
88,-22.18423774556666,-22.18423774556666,-22.17302298846762,0,-0.011214757099043784
87,-17.58117755397414,-17.58117755397414,-17.58300692134859,0,0.0018293673744551786
86,-25.55302353981766,-25.55302353981766,-25.55714755474587,0,0.004124014928216258
85,-13.05159067711869,-13.05159067711869,-13.04693765682763,0,-0.004653020291055273
84,-25.06273789287197,-25.06273789287197,-25.07075089624006,0,0.008013003368087938
83,-20.18863121454824,-20.18863121454824,-20.18536960111938,0,-0.003261613428865207
82,-20.29286281269702,-20.27516951677692,-20.30384177803317,-0.017693295920100393,0.01097896533615004
81,-22.28512438312422,-22.26743097671447,-22.3054560098534,-0.01769340640975512,0.020331626729174403
80,-4.374900325448729,-4.374900325448729,-4.374900325448729,0,0
79,-4.514500938957395,-4.514500938957395,-4.514500938957396,0,1.110223024625156e-15
78,-4.374900325448729,-4.374900325448729,-4.374900325448729,0,0
77,-4.374900325448729,-4.374900325448729,-4.374900325448729,0,0
76,-10.80624051129028,-10.78854669561689,-10.82357289254185,-0.01769381567338615,0.017332381251565162
75,-41.89290670353767,-41.87567065407404,-41.89387250751309,-0.017236049463626512,0.0009658039754186128
74,-4.587484495675457,-4.587484495675457,-4.587484495675457,0,0
73,-29.46364738914576,-30.05219658652219,-29.44244174943717,0.5885491973764267,-0.02120563970859028
72,-23.7917580416871,-23.77413747578352,-23.8038403139227,-0.017620565903584417,0.012082272235599191
71,-17.37140255320216,-17.37140255320216,-17.36645649929654,0,-0.004946053905619914
70,-3.818638931282457,-3.818638931282457,-3.818638931282458,0,0
69,-4.825703224547577,-4.825703224547577,-4.825703224547577,0,0
68,-4.211658552488753,-4.211658552488753,-4.211658552488749,0,-4.440892098500636e-15
67,-4.447883882166787,-4.447883882166787,-4.447883882166788,0,1.110223024625156e-15
66,-36.13990874598269,-36.12144345254276,-36.09569051926894,-0.01846529343993806,-0.04421822671375249
65,-22.20230174023244,-22.19135607699013,-22.10736905652556,-0.010945663242310376,-0.09493268370687953
64,-26.41482531264802,-26.39853047772126,-26.32240110766778,-0.016294834926760884,-0.09242420498023302
63,-25.76292015559063,-25.74750406758668,-25.68742313529663,-0.015416088003945613,-0.07549702029400154
62,-37.9826589171573,-37.96380958208553,-37.9957914203341,-0.01884933507177068,0.013132503176798763
61,-25.23305977763431,-25.21521092169479,-25.2497476516994,-0.017848855939519084,0.01668787406509132
60,-19.91129670468978,-19.89303490740175,-19.93739581575656,-0.018261797288030096,0.026099111066777748
59,-15.35233434455585,-15.35233434455585,-15.3575794905457,0,0.005245145989846674
58,-18.67244501919562,-18.67244501919562,-18.66177521650335,0,-0.010669802692273536
57,-26.0964782952457,-26.0964782952457,-26.10129259678338,0,0.004814301537688244
56,-37.19472279549642,-37.19472279549642,-37.18797739230651,0,-0.006745403189910323
55,-25.6114311440014,-25.6114311440014,-25.60761962759569,0,-0.0038115164057153155
54,-3.892857988277497,-3.892857988277497,-3.892857988277502,-4.440892098500627e-16,5.107025913275707e-15
53,-31.77152024591564,-31.77152024591564,-31.77272117971408,0,0.0012009337984433689
52,-19.01757706387383,-19.01757706387383,-19.00127339786342,0,-0.01630366601041185
51,-4.094759965374966,-4.094759965374966,-4.09496336899574,0,0.00020340362077390911
50,-8.944742090969543,-8.944742090969543,-8.947673625605004,0,0.0029315346354617557
49,-27.25518571774248,-27.22295820175123,-27.25282598490347,-0.03222751599125215,-0.0023597328390110033
48,-6.61316451072296,-6.61316451072296,-6.612784484554497,0,-0.0003800261684627745
47,-14.84992138373882,-14.83462024996753,-14.76448226952143,-0.015301133771297212,-0.08543911421739385
46,-32.4398078355148,-32.42165943472857,-32.48058718181287,-0.018148400786230867,0.04077934629806621
45,-24.64398173728509,-24.62787981747171,-24.56424131436217,-0.01610191981338005,-0.07974042292291723
44,-22.27036344499612,-22.25193117198069,-22.30376826495865,-0.018432273015438518,0.03340481996252045
43,-30.21129555846181,-30.19333484063635,-30.24177451187467,-0.01796071782546351,0.030478953412852942
42,-22.86949813584596,-22.85064793300981,-22.87004445040439,-0.018850202836151953,0.0005463145584344516
41,-19.12174214814824,-19.10378143028929,-19.15700223932237,-0.017960717858951408,0.03526009117412681
40,-9.82113744045356,-9.796112334038236,-9.771842827907186,-0.025025106415324,-0.04929461254637426
39,-26.01674696111155,-25.99854314648267,-25.98995215488257,-0.01820381462888681,-0.026794806228984665
38,-33.5063024909845,-33.48853364358742,-33.53724216927098,-0.017768847397071883,0.030939678286486392
37,-22.2513339297167,-22.23248374111177,-22.25267245603358,-0.018850188604936553,0.0013385263168789751
36,-17.23427239170877,-17.21620887555489,-17.26200755877791,-0.01806351615387665,0.027735167069139248
35,-36.76242097584045,-36.74478653260071,-36.76936548642312,-0.017634443239742843,0.006944510582670481
34,-32.74741046319435,-32.72934710268034,-32.75917988016377,-0.01806336051400592,0.011769416969421891
33,-35.15428115016935,-35.13886364646911,-35.06750119255401,-0.01541750370024179,-0.08677995761534157
32,-12.86340586761379,-12.84571183298971,-12.87675892404275,-0.01769403462407479,0.0133530564289682
31,-4.592753877686489,-4.592753877686489,-4.591962816219035,0,-0.0007910614674537452
30,-8.059576414474229,-8.041390051235343,-8.064635907997959,-0.018186363238886092,0.00505949352372943
29,-7.746803804472637,-7.728308961231071,-7.753006468462388,-0.018494843241565907,0.0062026639897513405
28,-31.30774820797883,-31.28299201513622,-31.30141794312802,-0.02475619284260229,-0.006330264850806379
27,-47.50115385199184,-47.48386020335774,-47.49829297732961,-0.01729364863410153,-0.0028608746622253538
26,-4.447883882166786,-4.447883882166787,-4.447883882166787,1.110223024625156e-15,1.110223024625156e-15
25,-4.637460783710506,-4.637460783710506,-4.637460783710506,0,0
24,-34.42361223726959,-34.40726523936247,-34.35070765257878,-0.01634699790711379,-0.07290458469080366
23,-34.31940508389158,-34.31185590710091,-34.23315987290546,-0.007549176790675448,-0.08624521098612097
22,-24.52080698996649,-24.49179603003288,-24.48213643677927,-0.029010959933614845,-0.03867055318722376
21,-34.79284241421428,-34.77514896283232,-34.82216087864079,-0.017693451381958925,0.02931846442651671
20,-8.354250084382718,-8.35425008438272,-8.357426778086674,1.9984014443252798e-15,0.0031766937039567635
19,-5.119003336390786,-5.119003336390786,-5.119027832942294,0,0.000024496551508068974
18,-8.277348058257102,-8.277348058257102,-8.27939490114899,0,0.002046842891887812
17,-9.022873459610754,-9.022873459610754,-9.025708295144518,0,0.0028348355337648535
16,-4.602042270952952,-4.602042270952952,-4.60207704315774,0,0.00003477220478781807
15,-25.26907097429605,-25.25111025642058,-25.27914939113862,-0.017960717875474996,0.010078416842567932
14,-42.39794958162998,-43.35874406835521,-42.12924411263899,0.960794486725227,-0.2687054689909943
13,-39.98942220697803,-39.95809601142086,-39.97028813327639,-0.03132619555717041,-0.019134073701643217
12,-4.965303838056245,-4.965303838056245,-4.965303838056245,0,0
11,-4.447883882166787,-4.447883882166787,-4.447883882166788,0,1.110223024625156e-15
10,-28.81300551367922,-28.79326616907606,-28.84304624142584,-0.01973934460316331,0.03004072774662039
9,-6.252560114866037,-6.252560114866037,-6.25249222607265,0,-0.00006788879338690312
8,-11.91704006984319,-11.91704006984319,-11.91124647701159,0,-0.005793592831601249
7,-10.72600355482639,-10.72600355482639,-10.72682572481531,0,0.0008221699889205463
6,-10.45125482897176,-10.45125482897176,-10.44628662508985,0,-0.0049682038819014234
5,-10.37060181865947,-10.37060181865947,-10.37173754358986,-1.776356839400252e-15,0.0011357249303855397
4,-6.657558173738164,-6.657558173738164,-6.660627155774234,0,0.003068982036070034
3,-28.74187729357504,-28.72381375734636,-28.76855492838546,-0.018063536228684257,0.026677634810422145
2,-28.79805249849497,-28.75592041891739,-28.78437254795291,-0.04213207957758058,-0.013679950542055494
1,-6.303325561039474,-6.286725664367145,-6.30239538827202,-0.016599896672328637,-0.0009301727674539572